Artists,Counter
Slumbering Tapes,435
Nikolai Tal,346
Diana Dream,39
Malou Mellow,219
Piano Mouse,34
Moonlight Keys,5
Moonlight Mouse,20
Slumbermon,22
The Piano Cover Guy,2
Elden Tales,20
007 Piano,4
Pianomon,5
reimagined,11
Ghibli Melodies,2
The Video Game Pianist,2
Up in the Clouds,4
Architect of Dreams,14
Jasmin Mouseworthy,3
JoJo Piano,11
Noah Ivory,7
Modern Day Troubadour,3
Ava Keys,6
Massimo Bellucci,2
Slumbering Tom,5
Liora Nyx,1
Mellow Strings,25
Richard Autumn,8
Robert Auerbach,3
Lira Moreau,2
Piano Pillow,3
Jodie Rivers,1
Swift Keys,3
Chocobo Keys,1
Saiyan Sonnet,5
Pirate Pianist,2
Eirene Montclaire,2
Mario Piano,5
Nathaniel Royce,1
Mikael Petrov,2
Sepia Tone,2
Dragon Melodies,3
The Last Piano,1
Sonic Piano,3
88 Memories,3
Neo Notes,1
Kokiri Keys,1
Sleepyheadz,40
Piano Peace,1
Piano Fruits Music,1
Magnus Eriksson,1
Disney Peaceful Piano,7
Disney,7
Nursery Rhymes ABC,6
Piano Dreamland,1
The Chillest,2
Lullaby Dreamers,2
Disney Peaceful Ambient,1
David Healer,1
Cover Kid,1
The Tiny Boppers,1
Frozen Silence,1
Lily Chordwell,1
